date,day,week,day_number,slot,post_time_uk,angle,series_title,hook_formula,trigger,topic_source,cuts,kpi_to_watch,phase,notes
2026-09-07,Mon,1,1,1,07:30,DAILY_DROP,Drop of the Day #1,fresh_drop,surprise,news scrape (last 24h),"short (14-17s) to TikTok/IG/FB, long (32-40s) to YouTube",3-second retention and completion rate,"Establish and measure: all five angles equal (7 each), every post rendered with hook A and hook B",Render hook A and hook B; push winner after 6h on TikTok
2026-09-07,Mon,1,1,2,11:30,USING_IT_WRONG,Wrong Way #1,contradiction,ego,topic_bank,"short (14-17s) to TikTok/IG/FB, long (32-40s) to YouTube",3-second retention and completion rate,"Establish and measure: all five angles equal (7 each), every post rendered with hook A and hook B",Render hook A and hook B; push winner after 6h on TikTok
2026-09-07,Mon,1,1,3,15:00,FREE_STACK,Free Stack #1,impossible_number,surprise,topic_bank,"short (14-17s) to TikTok/IG/FB, long (32-40s) to YouTube",3-second retention and completion rate,"Establish and measure: all five angles equal (7 each), every post rendered with hook A and hook B",Render hook A and hook B; push winner after 6h on TikTok
2026-09-07,Mon,1,1,4,18:30,SIXTY_SECONDS,60-Second Fix #1,impossible_number,surprise,topic_bank,"short (14-17s) to TikTok/IG/FB, long (32-40s) to YouTube",3-second retention and completion rate,"Establish and measure: all five angles equal (7 each), every post rendered with hook A and hook B",Render hook A and hook B; push winner after 6h on TikTok
2026-09-07,Mon,1,1,5,21:30,AI_JUST_DID_WHAT,AI Just Did What #1,impossible_number,surprise,"news scrape (agents, models, safety)","short (14-17s) to TikTok/IG/FB, long (32-40s) to YouTube",3-second retention and completion rate,"Establish and measure: all five angles equal (7 each), every post rendered with hook A and hook B",Render hook A and hook B; push winner after 6h on TikTok
2026-09-08,Tue,1,2,1,07:30,DAILY_DROP,Drop of the Day #2,fresh_drop,surprise,news scrape (last 24h),"short (14-17s) to TikTok/IG/FB, long (32-40s) to YouTube",3-second retention and completion rate,"Establish and measure: all five angles equal (7 each), every post rendered with hook A and hook B",Render hook A and hook B; push winner after 6h on TikTok
2026-09-08,Tue,1,2,2,11:30,SIXTY_SECONDS,60-Second Fix #2,dare,desire,topic_bank,"short (14-17s) to TikTok/IG/FB, long (32-40s) to YouTube",3-second retention and completion rate,"Establish and measure: all five angles equal (7 each), every post rendered with hook A and hook B",Render hook A and hook B; push winner after 6h on TikTok
2026-09-08,Tue,1,2,3,15:00,AI_JUST_DID_WHAT,AI Just Did What #2,quiet_threat,fear,"news scrape (agents, models, safety)","short (14-17s) to TikTok/IG/FB, long (32-40s) to YouTube",3-second retention and completion rate,"Establish and measure: all five angles equal (7 each), every post rendered with hook A and hook B",Render hook A and hook B; push winner after 6h on TikTok
2026-09-08,Tue,1,2,4,18:30,FREE_STACK,Free Stack #2,dare,desire,topic_bank,"short (14-17s) to TikTok/IG/FB, long (32-40s) to YouTube",3-second retention and completion rate,"Establish and measure: all five angles equal (7 each), every post rendered with hook A and hook B",Render hook A and hook B; push winner after 6h on TikTok
2026-09-08,Tue,1,2,5,21:30,USING_IT_WRONG,Wrong Way #2,contradiction,ego,topic_bank,"short (14-17s) to TikTok/IG/FB, long (32-40s) to YouTube",3-second retention and completion rate,"Establish and measure: all five angles equal (7 each), every post rendered with hook A and hook B",Render hook A and hook B; push winner after 6h on TikTok
2026-09-09,Wed,1,3,1,07:30,DAILY_DROP,Drop of the Day #3,fresh_drop,surprise,news scrape (last 24h),"short (14-17s) to TikTok/IG/FB, long (32-40s) to YouTube",3-second retention and completion rate,"Establish and measure: all five angles equal (7 each), every post rendered with hook A and hook B",Render hook A and hook B; push winner after 6h on TikTok
2026-09-09,Wed,1,3,2,11:30,SIXTY_SECONDS,60-Second Fix #3,impossible_number,surprise,topic_bank,"short (14-17s) to TikTok/IG/FB, long (32-40s) to YouTube",3-second retention and completion rate,"Establish and measure: all five angles equal (7 each), every post rendered with hook A and hook B",Render hook A and hook B; push winner after 6h on TikTok
2026-09-09,Wed,1,3,3,15:00,USING_IT_WRONG,Wrong Way #3,confession,ego,topic_bank,"short (14-17s) to TikTok/IG/FB, long (32-40s) to YouTube",3-second retention and completion rate,"Establish and measure: all five angles equal (7 each), every post rendered with hook A and hook B",Render hook A and hook B; push winner after 6h on TikTok
2026-09-09,Wed,1,3,4,18:30,FREE_STACK,Free Stack #3,impossible_number,surprise,topic_bank,"short (14-17s) to TikTok/IG/FB, long (32-40s) to YouTube",3-second retention and completion rate,"Establish and measure: all five angles equal (7 each), every post rendered with hook A and hook B",Render hook A and hook B; push winner after 6h on TikTok
2026-09-09,Wed,1,3,5,21:30,AI_JUST_DID_WHAT,AI Just Did What #3,impossible_number,surprise,"news scrape (agents, models, safety)","short (14-17s) to TikTok/IG/FB, long (32-40s) to YouTube",3-second retention and completion rate,"Establish and measure: all five angles equal (7 each), every post rendered with hook A and hook B",Render hook A and hook B; push winner after 6h on TikTok
2026-09-10,Thu,1,4,1,07:30,DAILY_DROP,Drop of the Day #4,fresh_drop,surprise,news scrape (last 24h),"short (14-17s) to TikTok/IG/FB, long (32-40s) to YouTube",3-second retention and completion rate,"Establish and measure: all five angles equal (7 each), every post rendered with hook A and hook B",Render hook A and hook B; push winner after 6h on TikTok
2026-09-10,Thu,1,4,2,11:30,FREE_STACK,Free Stack #4,dare,desire,topic_bank,"short (14-17s) to TikTok/IG/FB, long (32-40s) to YouTube",3-second retention and completion rate,"Establish and measure: all five angles equal (7 each), every post rendered with hook A and hook B",Render hook A and hook B; push winner after 6h on TikTok
2026-09-10,Thu,1,4,3,15:00,SIXTY_SECONDS,60-Second Fix #4,impossible_number,surprise,topic_bank,"short (14-17s) to TikTok/IG/FB, long (32-40s) to YouTube",3-second retention and completion rate,"Establish and measure: all five angles equal (7 each), every post rendered with hook A and hook B",Render hook A and hook B; push winner after 6h on TikTok
2026-09-10,Thu,1,4,4,18:30,AI_JUST_DID_WHAT,AI Just Did What #4,impossible_number,surprise,"news scrape (agents, models, safety)","short (14-17s) to TikTok/IG/FB, long (32-40s) to YouTube",3-second retention and completion rate,"Establish and measure: all five angles equal (7 each), every post rendered with hook A and hook B",Render hook A and hook B; push winner after 6h on TikTok
2026-09-10,Thu,1,4,5,21:30,USING_IT_WRONG,Wrong Way #4,contradiction,ego,topic_bank,"short (14-17s) to TikTok/IG/FB, long (32-40s) to YouTube",3-second retention and completion rate,"Establish and measure: all five angles equal (7 each), every post rendered with hook A and hook B",Render hook A and hook B; push winner after 6h on TikTok
2026-09-11,Fri,1,5,1,07:30,DAILY_DROP,Drop of the Day #5,fresh_drop,surprise,news scrape (last 24h),"short (14-17s) to TikTok/IG/FB, long (32-40s) to YouTube",3-second retention and completion rate,"Establish and measure: all five angles equal (7 each), every post rendered with hook A and hook B",Render hook A and hook B; push winner after 6h on TikTok
2026-09-11,Fri,1,5,2,11:30,FREE_STACK,Free Stack #5,impossible_number,surprise,topic_bank,"short (14-17s) to TikTok/IG/FB, long (32-40s) to YouTube",3-second retention and completion rate,"Establish and measure: all five angles equal (7 each), every post rendered with hook A and hook B",Render hook A and hook B; push winner after 6h on TikTok
2026-09-11,Fri,1,5,3,15:00,SIXTY_SECONDS,60-Second Fix #5,dare,desire,topic_bank,"short (14-17s) to TikTok/IG/FB, long (32-40s) to YouTube",3-second retention and completion rate,"Establish and measure: all five angles equal (7 each), every post rendered with hook A and hook B",Render hook A and hook B; push winner after 6h on TikTok
2026-09-11,Fri,1,5,4,18:30,USING_IT_WRONG,Wrong Way #5,contradiction,ego,topic_bank,"short (14-17s) to TikTok/IG/FB, long (32-40s) to YouTube",3-second retention and completion rate,"Establish and measure: all five angles equal (7 each), every post rendered with hook A and hook B",Render hook A and hook B; push winner after 6h on TikTok
2026-09-11,Fri,1,5,5,21:30,AI_JUST_DID_WHAT,AI Just Did What #5,impossible_number,surprise,"news scrape (agents, models, safety)","short (14-17s) to TikTok/IG/FB, long (32-40s) to YouTube",3-second retention and completion rate,"Establish and measure: all five angles equal (7 each), every post rendered with hook A and hook B",Render hook A and hook B; push winner after 6h on TikTok
2026-09-12,Sat,1,6,1,07:30,DAILY_DROP,Drop of the Day #6,fresh_drop,surprise,news scrape (last 24h),"short (14-17s) to TikTok/IG/FB, long (32-40s) to YouTube",3-second retention and completion rate,"Establish and measure: all five angles equal (7 each), every post rendered with hook A and hook B",Render hook A and hook B; push winner after 6h on TikTok
2026-09-12,Sat,1,6,2,11:30,AI_JUST_DID_WHAT,AI Just Did What #6,impossible_number,surprise,"news scrape (agents, models, safety)","short (14-17s) to TikTok/IG/FB, long (32-40s) to YouTube",3-second retention and completion rate,"Establish and measure: all five angles equal (7 each), every post rendered with hook A and hook B",Render hook A and hook B; push winner after 6h on TikTok
2026-09-12,Sat,1,6,3,15:00,FREE_STACK,Free Stack #6,dare,desire,topic_bank,"short (14-17s) to TikTok/IG/FB, long (32-40s) to YouTube",3-second retention and completion rate,"Establish and measure: all five angles equal (7 each), every post rendered with hook A and hook B",Render hook A and hook B; push winner after 6h on TikTok
2026-09-12,Sat,1,6,4,18:30,SIXTY_SECONDS,60-Second Fix #6,dare,desire,topic_bank,"short (14-17s) to TikTok/IG/FB, long (32-40s) to YouTube",3-second retention and completion rate,"Establish and measure: all five angles equal (7 each), every post rendered with hook A and hook B",Render hook A and hook B; push winner after 6h on TikTok
2026-09-12,Sat,1,6,5,21:30,USING_IT_WRONG,Wrong Way #6,contradiction,ego,topic_bank,"short (14-17s) to TikTok/IG/FB, long (32-40s) to YouTube",3-second retention and completion rate,"Establish and measure: all five angles equal (7 each), every post rendered with hook A and hook B",Render hook A and hook B; push winner after 6h on TikTok
2026-09-13,Sun,1,7,1,07:30,DAILY_DROP,Drop of the Day #7,fresh_drop,surprise,news scrape (last 24h),"short (14-17s) to TikTok/IG/FB, long (32-40s) to YouTube",3-second retention and completion rate,"Establish and measure: all five angles equal (7 each), every post rendered with hook A and hook B",Render hook A and hook B; push winner after 6h on TikTok
2026-09-13,Sun,1,7,2,11:30,USING_IT_WRONG,Wrong Way #7,contradiction,ego,topic_bank,"short (14-17s) to TikTok/IG/FB, long (32-40s) to YouTube",3-second retention and completion rate,"Establish and measure: all five angles equal (7 each), every post rendered with hook A and hook B",Render hook A and hook B; push winner after 6h on TikTok
2026-09-13,Sun,1,7,3,15:00,FREE_STACK,Free Stack #7,impossible_number,surprise,topic_bank,"short (14-17s) to TikTok/IG/FB, long (32-40s) to YouTube",3-second retention and completion rate,"Establish and measure: all five angles equal (7 each), every post rendered with hook A and hook B",Render hook A and hook B; push winner after 6h on TikTok
2026-09-13,Sun,1,7,4,18:30,SIXTY_SECONDS,60-Second Fix #7,impossible_number,surprise,topic_bank,"short (14-17s) to TikTok/IG/FB, long (32-40s) to YouTube",3-second retention and completion rate,"Establish and measure: all five angles equal (7 each), every post rendered with hook A and hook B",Render hook A and hook B; push winner after 6h on TikTok
2026-09-13,Sun,1,7,5,21:30,AI_JUST_DID_WHAT,AI Just Did What #7,impossible_number,surprise,"news scrape (agents, models, safety)","short (14-17s) to TikTok/IG/FB, long (32-40s) to YouTube",3-second retention and completion rate,"Establish and measure: all five angles equal (7 each), every post rendered with hook A and hook B",Render hook A and hook B; push winner after 6h on TikTok
2026-09-14,Mon,2,8,1,07:30,DAILY_DROP,Drop of the Day #8,fresh_drop,surprise,news scrape (last 24h),"short (14-17s) to TikTok/IG/FB, long (32-40s) to YouTube","shares and saves per 1,000 views",Double down: Sunday feedback reweights slots 2-4 toward the two best angles; series titles start,
2026-09-14,Mon,2,8,2,11:30,FREE_STACK,Free Stack #8,impossible_number,surprise,topic_bank,"short (14-17s) to TikTok/IG/FB, long (32-40s) to YouTube","shares and saves per 1,000 views",Double down: Sunday feedback reweights slots 2-4 toward the two best angles; series titles start,Slot angle is a default; overwrite with Sunday feedback weights
2026-09-14,Mon,2,8,3,15:00,SIXTY_SECONDS,60-Second Fix #8,impossible_number,surprise,topic_bank,"short (14-17s) to TikTok/IG/FB, long (32-40s) to YouTube","shares and saves per 1,000 views",Double down: Sunday feedback reweights slots 2-4 toward the two best angles; series titles start,Slot angle is a default; overwrite with Sunday feedback weights
2026-09-14,Mon,2,8,4,18:30,AI_JUST_DID_WHAT,AI Just Did What #8,impossible_number,surprise,"news scrape (agents, models, safety)","short (14-17s) to TikTok/IG/FB, long (32-40s) to YouTube","shares and saves per 1,000 views",Double down: Sunday feedback reweights slots 2-4 toward the two best angles; series titles start,Slot angle is a default; overwrite with Sunday feedback weights
2026-09-14,Mon,2,8,5,21:30,USING_IT_WRONG,Wrong Way #8,contradiction,ego,topic_bank,"short (14-17s) to TikTok/IG/FB, long (32-40s) to YouTube","shares and saves per 1,000 views",Double down: Sunday feedback reweights slots 2-4 toward the two best angles; series titles start,
2026-09-15,Tue,2,9,1,07:30,DAILY_DROP,Drop of the Day #9,fresh_drop,surprise,news scrape (last 24h),"short (14-17s) to TikTok/IG/FB, long (32-40s) to YouTube","shares and saves per 1,000 views",Double down: Sunday feedback reweights slots 2-4 toward the two best angles; series titles start,
2026-09-15,Tue,2,9,2,11:30,FREE_STACK,Free Stack #9,contradiction,ego,topic_bank,"short (14-17s) to TikTok/IG/FB, long (32-40s) to YouTube","shares and saves per 1,000 views",Double down: Sunday feedback reweights slots 2-4 toward the two best angles; series titles start,Slot angle is a default; overwrite with Sunday feedback weights
2026-09-15,Tue,2,9,3,15:00,SIXTY_SECONDS,60-Second Fix #9,dare,desire,topic_bank,"short (14-17s) to TikTok/IG/FB, long (32-40s) to YouTube","shares and saves per 1,000 views",Double down: Sunday feedback reweights slots 2-4 toward the two best angles; series titles start,Slot angle is a default; overwrite with Sunday feedback weights
2026-09-15,Tue,2,9,4,18:30,USING_IT_WRONG,Wrong Way #9,contradiction,ego,topic_bank,"short (14-17s) to TikTok/IG/FB, long (32-40s) to YouTube","shares and saves per 1,000 views",Double down: Sunday feedback reweights slots 2-4 toward the two best angles; series titles start,Slot angle is a default; overwrite with Sunday feedback weights
2026-09-15,Tue,2,9,5,21:30,AI_JUST_DID_WHAT,AI Just Did What #9,impossible_number,surprise,"news scrape (agents, models, safety)","short (14-17s) to TikTok/IG/FB, long (32-40s) to YouTube","shares and saves per 1,000 views",Double down: Sunday feedback reweights slots 2-4 toward the two best angles; series titles start,
2026-09-16,Wed,2,10,1,07:30,DAILY_DROP,Drop of the Day #10,fresh_drop,surprise,news scrape (last 24h),"short (14-17s) to TikTok/IG/FB, long (32-40s) to YouTube","shares and saves per 1,000 views",Double down: Sunday feedback reweights slots 2-4 toward the two best angles; series titles start,
2026-09-16,Wed,2,10,2,11:30,AI_JUST_DID_WHAT,AI Just Did What #10,impossible_number,surprise,"news scrape (agents, models, safety)","short (14-17s) to TikTok/IG/FB, long (32-40s) to YouTube","shares and saves per 1,000 views",Double down: Sunday feedback reweights slots 2-4 toward the two best angles; series titles start,Slot angle is a default; overwrite with Sunday feedback weights
2026-09-16,Wed,2,10,3,15:00,FREE_STACK,Free Stack #10,impossible_number,surprise,topic_bank,"short (14-17s) to TikTok/IG/FB, long (32-40s) to YouTube","shares and saves per 1,000 views",Double down: Sunday feedback reweights slots 2-4 toward the two best angles; series titles start,Slot angle is a default; overwrite with Sunday feedback weights
2026-09-16,Wed,2,10,4,18:30,SIXTY_SECONDS,60-Second Fix #10,dare,desire,topic_bank,"short (14-17s) to TikTok/IG/FB, long (32-40s) to YouTube","shares and saves per 1,000 views",Double down: Sunday feedback reweights slots 2-4 toward the two best angles; series titles start,Slot angle is a default; overwrite with Sunday feedback weights
2026-09-16,Wed,2,10,5,21:30,USING_IT_WRONG,Wrong Way #10,contradiction,ego,topic_bank,"short (14-17s) to TikTok/IG/FB, long (32-40s) to YouTube","shares and saves per 1,000 views",Double down: Sunday feedback reweights slots 2-4 toward the two best angles; series titles start,
2026-09-17,Thu,2,11,1,07:30,DAILY_DROP,Drop of the Day #11,fresh_drop,surprise,news scrape (last 24h),"short (14-17s) to TikTok/IG/FB, long (32-40s) to YouTube","shares and saves per 1,000 views",Double down: Sunday feedback reweights slots 2-4 toward the two best angles; series titles start,
2026-09-17,Thu,2,11,2,11:30,USING_IT_WRONG,Wrong Way #11,contradiction,ego,topic_bank,"short (14-17s) to TikTok/IG/FB, long (32-40s) to YouTube","shares and saves per 1,000 views",Double down: Sunday feedback reweights slots 2-4 toward the two best angles; series titles start,Slot angle is a default; overwrite with Sunday feedback weights
2026-09-17,Thu,2,11,3,15:00,FREE_STACK,Free Stack #11,contradiction,ego,topic_bank,"short (14-17s) to TikTok/IG/FB, long (32-40s) to YouTube","shares and saves per 1,000 views",Double down: Sunday feedback reweights slots 2-4 toward the two best angles; series titles start,Slot angle is a default; overwrite with Sunday feedback weights
2026-09-17,Thu,2,11,4,18:30,SIXTY_SECONDS,60-Second Fix #11,impossible_number,surprise,topic_bank,"short (14-17s) to TikTok/IG/FB, long (32-40s) to YouTube","shares and saves per 1,000 views",Double down: Sunday feedback reweights slots 2-4 toward the two best angles; series titles start,Slot angle is a default; overwrite with Sunday feedback weights
2026-09-17,Thu,2,11,5,21:30,AI_JUST_DID_WHAT,AI Just Did What #11,impossible_number,surprise,"news scrape (agents, models, safety)","short (14-17s) to TikTok/IG/FB, long (32-40s) to YouTube","shares and saves per 1,000 views",Double down: Sunday feedback reweights slots 2-4 toward the two best angles; series titles start,
2026-09-18,Fri,2,12,1,07:30,DAILY_DROP,Drop of the Day #12,fresh_drop,surprise,news scrape (last 24h),"short (14-17s) to TikTok/IG/FB, long (32-40s) to YouTube","shares and saves per 1,000 views",Double down: Sunday feedback reweights slots 2-4 toward the two best angles; series titles start,
2026-09-18,Fri,2,12,2,11:30,SIXTY_SECONDS,60-Second Fix #12,dare,desire,topic_bank,"short (14-17s) to TikTok/IG/FB, long (32-40s) to YouTube","shares and saves per 1,000 views",Double down: Sunday feedback reweights slots 2-4 toward the two best angles; series titles start,Slot angle is a default; overwrite with Sunday feedback weights
2026-09-18,Fri,2,12,3,15:00,AI_JUST_DID_WHAT,AI Just Did What #12,quiet_threat,fear,"news scrape (agents, models, safety)","short (14-17s) to TikTok/IG/FB, long (32-40s) to YouTube","shares and saves per 1,000 views",Double down: Sunday feedback reweights slots 2-4 toward the two best angles; series titles start,Slot angle is a default; overwrite with Sunday feedback weights
2026-09-18,Fri,2,12,4,18:30,FREE_STACK,Free Stack #12,impossible_number,surprise,topic_bank,"short (14-17s) to TikTok/IG/FB, long (32-40s) to YouTube","shares and saves per 1,000 views",Double down: Sunday feedback reweights slots 2-4 toward the two best angles; series titles start,Slot angle is a default; overwrite with Sunday feedback weights
2026-09-18,Fri,2,12,5,21:30,USING_IT_WRONG,Wrong Way #12,contradiction,ego,topic_bank,"short (14-17s) to TikTok/IG/FB, long (32-40s) to YouTube","shares and saves per 1,000 views",Double down: Sunday feedback reweights slots 2-4 toward the two best angles; series titles start,
2026-09-19,Sat,2,13,1,07:30,DAILY_DROP,Drop of the Day #13,fresh_drop,surprise,news scrape (last 24h),"short (14-17s) to TikTok/IG/FB, long (32-40s) to YouTube","shares and saves per 1,000 views",Double down: Sunday feedback reweights slots 2-4 toward the two best angles; series titles start,
2026-09-19,Sat,2,13,2,11:30,SIXTY_SECONDS,60-Second Fix #13,impossible_number,surprise,topic_bank,"short (14-17s) to TikTok/IG/FB, long (32-40s) to YouTube","shares and saves per 1,000 views",Double down: Sunday feedback reweights slots 2-4 toward the two best angles; series titles start,Slot angle is a default; overwrite with Sunday feedback weights
2026-09-19,Sat,2,13,3,15:00,USING_IT_WRONG,Wrong Way #13,confession,ego,topic_bank,"short (14-17s) to TikTok/IG/FB, long (32-40s) to YouTube","shares and saves per 1,000 views",Double down: Sunday feedback reweights slots 2-4 toward the two best angles; series titles start,Slot angle is a default; overwrite with Sunday feedback weights
2026-09-19,Sat,2,13,4,18:30,FREE_STACK,Free Stack #13,contradiction,ego,topic_bank,"short (14-17s) to TikTok/IG/FB, long (32-40s) to YouTube","shares and saves per 1,000 views",Double down: Sunday feedback reweights slots 2-4 toward the two best angles; series titles start,Slot angle is a default; overwrite with Sunday feedback weights
2026-09-19,Sat,2,13,5,21:30,AI_JUST_DID_WHAT,AI Just Did What #13,impossible_number,surprise,"news scrape (agents, models, safety)","short (14-17s) to TikTok/IG/FB, long (32-40s) to YouTube","shares and saves per 1,000 views",Double down: Sunday feedback reweights slots 2-4 toward the two best angles; series titles start,
2026-09-20,Sun,2,14,1,07:30,DAILY_DROP,Drop of the Day #14,fresh_drop,surprise,news scrape (last 24h),"short (14-17s) to TikTok/IG/FB, long (32-40s) to YouTube","shares and saves per 1,000 views",Double down: Sunday feedback reweights slots 2-4 toward the two best angles; series titles start,
2026-09-20,Sun,2,14,2,11:30,FREE_STACK,Free Stack #14,impossible_number,surprise,topic_bank,"short (14-17s) to TikTok/IG/FB, long (32-40s) to YouTube","shares and saves per 1,000 views",Double down: Sunday feedback reweights slots 2-4 toward the two best angles; series titles start,Slot angle is a default; overwrite with Sunday feedback weights
2026-09-20,Sun,2,14,3,15:00,SIXTY_SECONDS,60-Second Fix #14,impossible_number,surprise,topic_bank,"short (14-17s) to TikTok/IG/FB, long (32-40s) to YouTube","shares and saves per 1,000 views",Double down: Sunday feedback reweights slots 2-4 toward the two best angles; series titles start,Slot angle is a default; overwrite with Sunday feedback weights
2026-09-20,Sun,2,14,4,18:30,AI_JUST_DID_WHAT,AI Just Did What #14,impossible_number,surprise,"news scrape (agents, models, safety)","short (14-17s) to TikTok/IG/FB, long (32-40s) to YouTube","shares and saves per 1,000 views",Double down: Sunday feedback reweights slots 2-4 toward the two best angles; series titles start,Slot angle is a default; overwrite with Sunday feedback weights
2026-09-20,Sun,2,14,5,21:30,USING_IT_WRONG,Wrong Way #14,contradiction,ego,topic_bank,"short (14-17s) to TikTok/IG/FB, long (32-40s) to YouTube","shares and saves per 1,000 views",Double down: Sunday feedback reweights slots 2-4 toward the two best angles; series titles start,
2026-09-21,Mon,3,15,1,07:30,DAILY_DROP,Drop of the Day #15,fresh_drop,surprise,news scrape (last 24h),"short (14-17s) to TikTok/IG/FB, long (32-40s) to YouTube","follows per 1,000 views","Series and loops: every post numbered, every short cut ends on a loop line, one comment-reply a day",
2026-09-21,Mon,3,15,2,11:30,USING_IT_WRONG,Wrong Way #15,contradiction,ego,topic_bank,"short (14-17s) to TikTok/IG/FB, long (32-40s) to YouTube","follows per 1,000 views","Series and loops: every post numbered, every short cut ends on a loop line, one comment-reply a day",
2026-09-21,Mon,3,15,3,15:00,COMMENT_REPLY,You Asked #1,confession,ego,top comment from yesterday,"short (14-17s) to TikTok/IG/FB, long (32-40s) to YouTube","follows per 1,000 views","Series and loops: every post numbered, every short cut ends on a loop line, one comment-reply a day",Avatar answers the top comment from yesterday's best post; pin the reply
2026-09-21,Mon,3,15,4,18:30,SIXTY_SECONDS,60-Second Fix #15,impossible_number,surprise,topic_bank,"short (14-17s) to TikTok/IG/FB, long (32-40s) to YouTube","follows per 1,000 views","Series and loops: every post numbered, every short cut ends on a loop line, one comment-reply a day",
2026-09-21,Mon,3,15,5,21:30,AI_JUST_DID_WHAT,AI Just Did What #15,impossible_number,surprise,"news scrape (agents, models, safety)","short (14-17s) to TikTok/IG/FB, long (32-40s) to YouTube","follows per 1,000 views","Series and loops: every post numbered, every short cut ends on a loop line, one comment-reply a day",
2026-09-22,Tue,3,16,1,07:30,DAILY_DROP,Drop of the Day #16,fresh_drop,surprise,news scrape (last 24h),"short (14-17s) to TikTok/IG/FB, long (32-40s) to YouTube","follows per 1,000 views","Series and loops: every post numbered, every short cut ends on a loop line, one comment-reply a day",
2026-09-22,Tue,3,16,2,11:30,SIXTY_SECONDS,60-Second Fix #16,dare,desire,topic_bank,"short (14-17s) to TikTok/IG/FB, long (32-40s) to YouTube","follows per 1,000 views","Series and loops: every post numbered, every short cut ends on a loop line, one comment-reply a day",
2026-09-22,Tue,3,16,3,15:00,COMMENT_REPLY,You Asked #2,confession,ego,top comment from yesterday,"short (14-17s) to TikTok/IG/FB, long (32-40s) to YouTube","follows per 1,000 views","Series and loops: every post numbered, every short cut ends on a loop line, one comment-reply a day",Avatar answers the top comment from yesterday's best post; pin the reply
2026-09-22,Tue,3,16,4,18:30,FREE_STACK,Free Stack #15,contradiction,ego,topic_bank,"short (14-17s) to TikTok/IG/FB, long (32-40s) to YouTube","follows per 1,000 views","Series and loops: every post numbered, every short cut ends on a loop line, one comment-reply a day",
2026-09-22,Tue,3,16,5,21:30,USING_IT_WRONG,Wrong Way #16,contradiction,ego,topic_bank,"short (14-17s) to TikTok/IG/FB, long (32-40s) to YouTube","follows per 1,000 views","Series and loops: every post numbered, every short cut ends on a loop line, one comment-reply a day",
2026-09-23,Wed,3,17,1,07:30,DAILY_DROP,Drop of the Day #17,fresh_drop,surprise,news scrape (last 24h),"short (14-17s) to TikTok/IG/FB, long (32-40s) to YouTube","follows per 1,000 views","Series and loops: every post numbered, every short cut ends on a loop line, one comment-reply a day",
2026-09-23,Wed,3,17,2,11:30,SIXTY_SECONDS,60-Second Fix #17,impossible_number,surprise,topic_bank,"short (14-17s) to TikTok/IG/FB, long (32-40s) to YouTube","follows per 1,000 views","Series and loops: every post numbered, every short cut ends on a loop line, one comment-reply a day",
2026-09-23,Wed,3,17,3,15:00,COMMENT_REPLY,You Asked #3,confession,ego,top comment from yesterday,"short (14-17s) to TikTok/IG/FB, long (32-40s) to YouTube","follows per 1,000 views","Series and loops: every post numbered, every short cut ends on a loop line, one comment-reply a day",Avatar answers the top comment from yesterday's best post; pin the reply
2026-09-23,Wed,3,17,4,18:30,FREE_STACK,Free Stack #16,dare,desire,topic_bank,"short (14-17s) to TikTok/IG/FB, long (32-40s) to YouTube","follows per 1,000 views","Series and loops: every post numbered, every short cut ends on a loop line, one comment-reply a day",
2026-09-23,Wed,3,17,5,21:30,AI_JUST_DID_WHAT,AI Just Did What #16,impossible_number,surprise,"news scrape (agents, models, safety)","short (14-17s) to TikTok/IG/FB, long (32-40s) to YouTube","follows per 1,000 views","Series and loops: every post numbered, every short cut ends on a loop line, one comment-reply a day",
2026-09-24,Thu,3,18,1,07:30,DAILY_DROP,Drop of the Day #18,fresh_drop,surprise,news scrape (last 24h),"short (14-17s) to TikTok/IG/FB, long (32-40s) to YouTube","follows per 1,000 views","Series and loops: every post numbered, every short cut ends on a loop line, one comment-reply a day",
2026-09-24,Thu,3,18,2,11:30,FREE_STACK,Free Stack #17,contradiction,ego,topic_bank,"short (14-17s) to TikTok/IG/FB, long (32-40s) to YouTube","follows per 1,000 views","Series and loops: every post numbered, every short cut ends on a loop line, one comment-reply a day",
2026-09-24,Thu,3,18,3,15:00,COMMENT_REPLY,You Asked #4,confession,ego,top comment from yesterday,"short (14-17s) to TikTok/IG/FB, long (32-40s) to YouTube","follows per 1,000 views","Series and loops: every post numbered, every short cut ends on a loop line, one comment-reply a day",Avatar answers the top comment from yesterday's best post; pin the reply
2026-09-24,Thu,3,18,4,18:30,AI_JUST_DID_WHAT,AI Just Did What #17,impossible_number,surprise,"news scrape (agents, models, safety)","short (14-17s) to TikTok/IG/FB, long (32-40s) to YouTube","follows per 1,000 views","Series and loops: every post numbered, every short cut ends on a loop line, one comment-reply a day",
2026-09-24,Thu,3,18,5,21:30,USING_IT_WRONG,Wrong Way #17,contradiction,ego,topic_bank,"short (14-17s) to TikTok/IG/FB, long (32-40s) to YouTube","follows per 1,000 views","Series and loops: every post numbered, every short cut ends on a loop line, one comment-reply a day",
2026-09-25,Fri,3,19,1,07:30,DAILY_DROP,Drop of the Day #19,fresh_drop,surprise,news scrape (last 24h),"short (14-17s) to TikTok/IG/FB, long (32-40s) to YouTube","follows per 1,000 views","Series and loops: every post numbered, every short cut ends on a loop line, one comment-reply a day",
2026-09-25,Fri,3,19,2,11:30,FREE_STACK,Free Stack #18,dare,desire,topic_bank,"short (14-17s) to TikTok/IG/FB, long (32-40s) to YouTube","follows per 1,000 views","Series and loops: every post numbered, every short cut ends on a loop line, one comment-reply a day",
2026-09-25,Fri,3,19,3,15:00,COMMENT_REPLY,You Asked #5,confession,ego,top comment from yesterday,"short (14-17s) to TikTok/IG/FB, long (32-40s) to YouTube","follows per 1,000 views","Series and loops: every post numbered, every short cut ends on a loop line, one comment-reply a day",Avatar answers the top comment from yesterday's best post; pin the reply
2026-09-25,Fri,3,19,4,18:30,USING_IT_WRONG,Wrong Way #18,contradiction,ego,topic_bank,"short (14-17s) to TikTok/IG/FB, long (32-40s) to YouTube","follows per 1,000 views","Series and loops: every post numbered, every short cut ends on a loop line, one comment-reply a day",
2026-09-25,Fri,3,19,5,21:30,AI_JUST_DID_WHAT,AI Just Did What #18,impossible_number,surprise,"news scrape (agents, models, safety)","short (14-17s) to TikTok/IG/FB, long (32-40s) to YouTube","follows per 1,000 views","Series and loops: every post numbered, every short cut ends on a loop line, one comment-reply a day",
2026-09-26,Sat,3,20,1,07:30,DAILY_DROP,Drop of the Day #20,fresh_drop,surprise,news scrape (last 24h),"short (14-17s) to TikTok/IG/FB, long (32-40s) to YouTube","follows per 1,000 views","Series and loops: every post numbered, every short cut ends on a loop line, one comment-reply a day",
2026-09-26,Sat,3,20,2,11:30,AI_JUST_DID_WHAT,AI Just Did What #19,impossible_number,surprise,"news scrape (agents, models, safety)","short (14-17s) to TikTok/IG/FB, long (32-40s) to YouTube","follows per 1,000 views","Series and loops: every post numbered, every short cut ends on a loop line, one comment-reply a day",
2026-09-26,Sat,3,20,3,15:00,COMMENT_REPLY,You Asked #6,confession,ego,top comment from yesterday,"short (14-17s) to TikTok/IG/FB, long (32-40s) to YouTube","follows per 1,000 views","Series and loops: every post numbered, every short cut ends on a loop line, one comment-reply a day",Avatar answers the top comment from yesterday's best post; pin the reply
2026-09-26,Sat,3,20,4,18:30,SIXTY_SECONDS,60-Second Fix #18,dare,desire,topic_bank,"short (14-17s) to TikTok/IG/FB, long (32-40s) to YouTube","follows per 1,000 views","Series and loops: every post numbered, every short cut ends on a loop line, one comment-reply a day",
2026-09-26,Sat,3,20,5,21:30,USING_IT_WRONG,Wrong Way #19,contradiction,ego,topic_bank,"short (14-17s) to TikTok/IG/FB, long (32-40s) to YouTube","follows per 1,000 views","Series and loops: every post numbered, every short cut ends on a loop line, one comment-reply a day",
2026-09-27,Sun,3,21,1,07:30,DAILY_DROP,Drop of the Day #21,fresh_drop,surprise,news scrape (last 24h),"short (14-17s) to TikTok/IG/FB, long (32-40s) to YouTube","follows per 1,000 views","Series and loops: every post numbered, every short cut ends on a loop line, one comment-reply a day",
2026-09-27,Sun,3,21,2,11:30,USING_IT_WRONG,Wrong Way #20,contradiction,ego,topic_bank,"short (14-17s) to TikTok/IG/FB, long (32-40s) to YouTube","follows per 1,000 views","Series and loops: every post numbered, every short cut ends on a loop line, one comment-reply a day",
2026-09-27,Sun,3,21,3,15:00,COMMENT_REPLY,You Asked #7,confession,ego,top comment from yesterday,"short (14-17s) to TikTok/IG/FB, long (32-40s) to YouTube","follows per 1,000 views","Series and loops: every post numbered, every short cut ends on a loop line, one comment-reply a day",Avatar answers the top comment from yesterday's best post; pin the reply
2026-09-27,Sun,3,21,4,18:30,SIXTY_SECONDS,60-Second Fix #19,impossible_number,surprise,topic_bank,"short (14-17s) to TikTok/IG/FB, long (32-40s) to YouTube","follows per 1,000 views","Series and loops: every post numbered, every short cut ends on a loop line, one comment-reply a day",
2026-09-27,Sun,3,21,5,21:30,AI_JUST_DID_WHAT,AI Just Did What #20,impossible_number,surprise,"news scrape (agents, models, safety)","short (14-17s) to TikTok/IG/FB, long (32-40s) to YouTube","follows per 1,000 views","Series and loops: every post numbered, every short cut ends on a loop line, one comment-reply a day",
2026-09-28,Mon,4,22,1,07:30,DAILY_DROP,Drop of the Day #22,fresh_drop,surprise,news scrape (last 24h),"short (14-17s) to TikTok/IG/FB, long (32-40s) to YouTube",saves and total watch time incl. replays,Compound: recap formats resurface the month's winners,
2026-09-28,Mon,4,22,2,11:30,FREE_STACK,Free Stack #19,dare,desire,topic_bank,"short (14-17s) to TikTok/IG/FB, long (32-40s) to YouTube",saves and total watch time incl. replays,Compound: recap formats resurface the month's winners,
2026-09-28,Mon,4,22,3,15:00,COMMENT_REPLY,You Asked #8,confession,ego,top comment from yesterday,"short (14-17s) to TikTok/IG/FB, long (32-40s) to YouTube",saves and total watch time incl. replays,Compound: recap formats resurface the month's winners,Avatar answers the top comment from yesterday's best post; pin the reply
2026-09-28,Mon,4,22,4,18:30,AI_JUST_DID_WHAT,AI Just Did What #21,impossible_number,surprise,"news scrape (agents, models, safety)","short (14-17s) to TikTok/IG/FB, long (32-40s) to YouTube",saves and total watch time incl. replays,Compound: recap formats resurface the month's winners,
2026-09-28,Mon,4,22,5,21:30,USING_IT_WRONG,Wrong Way #21,contradiction,ego,topic_bank,"short (14-17s) to TikTok/IG/FB, long (32-40s) to YouTube",saves and total watch time incl. replays,Compound: recap formats resurface the month's winners,
2026-09-29,Tue,4,23,1,07:30,DAILY_DROP,Drop of the Day #23,fresh_drop,surprise,news scrape (last 24h),"short (14-17s) to TikTok/IG/FB, long (32-40s) to YouTube",saves and total watch time incl. replays,Compound: recap formats resurface the month's winners,
2026-09-29,Tue,4,23,2,11:30,FREE_STACK,Free Stack #20,impossible_number,surprise,topic_bank,"short (14-17s) to TikTok/IG/FB, long (32-40s) to YouTube",saves and total watch time incl. replays,Compound: recap formats resurface the month's winners,
2026-09-29,Tue,4,23,3,15:00,SIXTY_SECONDS,60-Second Fix #20,dare,desire,topic_bank,"short (14-17s) to TikTok/IG/FB, long (32-40s) to YouTube",saves and total watch time incl. replays,Compound: recap formats resurface the month's winners,
2026-09-29,Tue,4,23,4,18:30,USING_IT_WRONG,Wrong Way #22,contradiction,ego,topic_bank,"short (14-17s) to TikTok/IG/FB, long (32-40s) to YouTube",saves and total watch time incl. replays,Compound: recap formats resurface the month's winners,
2026-09-29,Tue,4,23,5,21:30,AI_JUST_DID_WHAT,AI Just Did What #22,impossible_number,surprise,"news scrape (agents, models, safety)","short (14-17s) to TikTok/IG/FB, long (32-40s) to YouTube",saves and total watch time incl. replays,Compound: recap formats resurface the month's winners,
2026-09-30,Wed,4,24,1,07:30,DAILY_DROP,Drop of the Day #24,fresh_drop,surprise,news scrape (last 24h),"short (14-17s) to TikTok/IG/FB, long (32-40s) to YouTube",saves and total watch time incl. replays,Compound: recap formats resurface the month's winners,
2026-09-30,Wed,4,24,2,11:30,AI_JUST_DID_WHAT,AI Just Did What #23,impossible_number,surprise,"news scrape (agents, models, safety)","short (14-17s) to TikTok/IG/FB, long (32-40s) to YouTube",saves and total watch time incl. replays,Compound: recap formats resurface the month's winners,
2026-09-30,Wed,4,24,3,15:00,COMMENT_REPLY,You Asked #9,confession,ego,top comment from yesterday,"short (14-17s) to TikTok/IG/FB, long (32-40s) to YouTube",saves and total watch time incl. replays,Compound: recap formats resurface the month's winners,Avatar answers the top comment from yesterday's best post; pin the reply
2026-09-30,Wed,4,24,4,18:30,RECAP,The Week in Drops #1,impossible_number,surprise,this week's winners,"short (14-17s) to TikTok/IG/FB, long (32-40s) to YouTube",saves and total watch time incl. replays,Compound: recap formats resurface the month's winners,Five biggest drops / three mistakes you admitted to / my stack after 30 days
2026-09-30,Wed,4,24,5,21:30,USING_IT_WRONG,Wrong Way #23,contradiction,ego,topic_bank,"short (14-17s) to TikTok/IG/FB, long (32-40s) to YouTube",saves and total watch time incl. replays,Compound: recap formats resurface the month's winners,
2026-10-01,Thu,4,25,1,07:30,DAILY_DROP,Drop of the Day #25,fresh_drop,surprise,news scrape (last 24h),"short (14-17s) to TikTok/IG/FB, long (32-40s) to YouTube",saves and total watch time incl. replays,Compound: recap formats resurface the month's winners,
2026-10-01,Thu,4,25,2,11:30,USING_IT_WRONG,Wrong Way #24,contradiction,ego,topic_bank,"short (14-17s) to TikTok/IG/FB, long (32-40s) to YouTube",saves and total watch time incl. replays,Compound: recap formats resurface the month's winners,
2026-10-01,Thu,4,25,3,15:00,FREE_STACK,Free Stack #21,impossible_number,surprise,topic_bank,"short (14-17s) to TikTok/IG/FB, long (32-40s) to YouTube",saves and total watch time incl. replays,Compound: recap formats resurface the month's winners,
2026-10-01,Thu,4,25,4,18:30,SIXTY_SECONDS,60-Second Fix #21,impossible_number,surprise,topic_bank,"short (14-17s) to TikTok/IG/FB, long (32-40s) to YouTube",saves and total watch time incl. replays,Compound: recap formats resurface the month's winners,
2026-10-01,Thu,4,25,5,21:30,AI_JUST_DID_WHAT,AI Just Did What #24,impossible_number,surprise,"news scrape (agents, models, safety)","short (14-17s) to TikTok/IG/FB, long (32-40s) to YouTube",saves and total watch time incl. replays,Compound: recap formats resurface the month's winners,
2026-10-02,Fri,4,26,1,07:30,DAILY_DROP,Drop of the Day #26,fresh_drop,surprise,news scrape (last 24h),"short (14-17s) to TikTok/IG/FB, long (32-40s) to YouTube",saves and total watch time incl. replays,Compound: recap formats resurface the month's winners,
2026-10-02,Fri,4,26,2,11:30,SIXTY_SECONDS,60-Second Fix #22,dare,desire,topic_bank,"short (14-17s) to TikTok/IG/FB, long (32-40s) to YouTube",saves and total watch time incl. replays,Compound: recap formats resurface the month's winners,
2026-10-02,Fri,4,26,3,15:00,COMMENT_REPLY,You Asked #10,confession,ego,top comment from yesterday,"short (14-17s) to TikTok/IG/FB, long (32-40s) to YouTube",saves and total watch time incl. replays,Compound: recap formats resurface the month's winners,Avatar answers the top comment from yesterday's best post; pin the reply
2026-10-02,Fri,4,26,4,18:30,FREE_STACK,Free Stack #22,dare,desire,topic_bank,"short (14-17s) to TikTok/IG/FB, long (32-40s) to YouTube",saves and total watch time incl. replays,Compound: recap formats resurface the month's winners,
2026-10-02,Fri,4,26,5,21:30,USING_IT_WRONG,Wrong Way #25,contradiction,ego,topic_bank,"short (14-17s) to TikTok/IG/FB, long (32-40s) to YouTube",saves and total watch time incl. replays,Compound: recap formats resurface the month's winners,
2026-10-03,Sat,4,27,1,07:30,DAILY_DROP,Drop of the Day #27,fresh_drop,surprise,news scrape (last 24h),"short (14-17s) to TikTok/IG/FB, long (32-40s) to YouTube",saves and total watch time incl. replays,Compound: recap formats resurface the month's winners,
2026-10-03,Sat,4,27,2,11:30,SIXTY_SECONDS,60-Second Fix #23,impossible_number,surprise,topic_bank,"short (14-17s) to TikTok/IG/FB, long (32-40s) to YouTube",saves and total watch time incl. replays,Compound: recap formats resurface the month's winners,
2026-10-03,Sat,4,27,3,15:00,USING_IT_WRONG,Wrong Way #26,confession,ego,topic_bank,"short (14-17s) to TikTok/IG/FB, long (32-40s) to YouTube",saves and total watch time incl. replays,Compound: recap formats resurface the month's winners,
2026-10-03,Sat,4,27,4,18:30,FREE_STACK,Free Stack #23,impossible_number,surprise,topic_bank,"short (14-17s) to TikTok/IG/FB, long (32-40s) to YouTube",saves and total watch time incl. replays,Compound: recap formats resurface the month's winners,
2026-10-03,Sat,4,27,5,21:30,AI_JUST_DID_WHAT,AI Just Did What #25,impossible_number,surprise,"news scrape (agents, models, safety)","short (14-17s) to TikTok/IG/FB, long (32-40s) to YouTube",saves and total watch time incl. replays,Compound: recap formats resurface the month's winners,
2026-10-04,Sun,4,28,1,07:30,DAILY_DROP,Drop of the Day #28,fresh_drop,surprise,news scrape (last 24h),"short (14-17s) to TikTok/IG/FB, long (32-40s) to YouTube",saves and total watch time incl. replays,Compound: recap formats resurface the month's winners,
2026-10-04,Sun,4,28,2,11:30,FREE_STACK,Free Stack #24,dare,desire,topic_bank,"short (14-17s) to TikTok/IG/FB, long (32-40s) to YouTube",saves and total watch time incl. replays,Compound: recap formats resurface the month's winners,
2026-10-04,Sun,4,28,3,15:00,COMMENT_REPLY,You Asked #11,confession,ego,top comment from yesterday,"short (14-17s) to TikTok/IG/FB, long (32-40s) to YouTube",saves and total watch time incl. replays,Compound: recap formats resurface the month's winners,Avatar answers the top comment from yesterday's best post; pin the reply
2026-10-04,Sun,4,28,4,18:30,RECAP,The Week in Drops #2,impossible_number,surprise,this week's winners,"short (14-17s) to TikTok/IG/FB, long (32-40s) to YouTube",saves and total watch time incl. replays,Compound: recap formats resurface the month's winners,Five biggest drops / three mistakes you admitted to / my stack after 30 days
2026-10-04,Sun,4,28,5,21:30,USING_IT_WRONG,Wrong Way #27,contradiction,ego,topic_bank,"short (14-17s) to TikTok/IG/FB, long (32-40s) to YouTube",saves and total watch time incl. replays,Compound: recap formats resurface the month's winners,
2026-10-05,Mon,5,29,1,07:30,DAILY_DROP,Drop of the Day #29,fresh_drop,surprise,news scrape (last 24h),"short (14-17s) to TikTok/IG/FB, long (32-40s) to YouTube","follows per 1,000 views",Month in review and what's next,Month in review; end with the promise for month two
2026-10-05,Mon,5,29,2,11:30,RECAP,The Week in Drops #3,impossible_number,surprise,this week's winners,"short (14-17s) to TikTok/IG/FB, long (32-40s) to YouTube","follows per 1,000 views",Month in review and what's next,Month in review; end with the promise for month two
2026-10-05,Mon,5,29,3,15:00,COMMENT_REPLY,You Asked #12,confession,ego,top comment from yesterday,"short (14-17s) to TikTok/IG/FB, long (32-40s) to YouTube","follows per 1,000 views",Month in review and what's next,Month in review; end with the promise for month two
2026-10-05,Mon,5,29,4,18:30,FREE_STACK,Free Stack #25,dare,desire,topic_bank,"short (14-17s) to TikTok/IG/FB, long (32-40s) to YouTube","follows per 1,000 views",Month in review and what's next,Month in review; end with the promise for month two
2026-10-05,Mon,5,29,5,21:30,AI_JUST_DID_WHAT,AI Just Did What #26,impossible_number,surprise,"news scrape (agents, models, safety)","short (14-17s) to TikTok/IG/FB, long (32-40s) to YouTube","follows per 1,000 views",Month in review and what's next,Month in review; end with the promise for month two
2026-10-06,Tue,5,30,1,07:30,DAILY_DROP,Drop of the Day #30,fresh_drop,surprise,news scrape (last 24h),"short (14-17s) to TikTok/IG/FB, long (32-40s) to YouTube","follows per 1,000 views",Month in review and what's next,Month in review; end with the promise for month two
2026-10-06,Tue,5,30,2,11:30,RECAP,The Week in Drops #4,impossible_number,surprise,this week's winners,"short (14-17s) to TikTok/IG/FB, long (32-40s) to YouTube","follows per 1,000 views",Month in review and what's next,Month in review; end with the promise for month two
2026-10-06,Tue,5,30,3,15:00,SIXTY_SECONDS,60-Second Fix #24,impossible_number,surprise,topic_bank,"short (14-17s) to TikTok/IG/FB, long (32-40s) to YouTube","follows per 1,000 views",Month in review and what's next,Month in review; end with the promise for month two
2026-10-06,Tue,5,30,4,18:30,COMMENT_REPLY,You Asked #13,confession,ego,top comment from yesterday,"short (14-17s) to TikTok/IG/FB, long (32-40s) to YouTube","follows per 1,000 views",Month in review and what's next,Month in review; end with the promise for month two
2026-10-06,Tue,5,30,5,21:30,USING_IT_WRONG,Wrong Way #28,contradiction,ego,topic_bank,"short (14-17s) to TikTok/IG/FB, long (32-40s) to YouTube","follows per 1,000 views",Month in review and what's next,Month in review; end with the promise for month two
